{"parallel": {"KeywordSearch": {"TP": 39, "FP": 5, "FN": 0, "TN": 50, "Accuracy": 0.9468085106382979, "Precision": 0.8863636363636364, "Recall": 1.0}, "WordDistance": {"0": {"TP": 16, "FP": 1, "FN": 23, "TN": 54, "Accuracy": 0.7446808510638298, "Precision": 0.9411764705882353, "Recall": 0.41025641025641024}, "1": {"TP": 23, "FP": 1, "FN": 16, "TN": 54, "Accuracy": 0.8191489361702128, "Precision": 0.9583333333333334, "Recall": 0.5897435897435898}, "2": {"TP": 25, "FP": 1, "FN": 14, "TN": 54, "Accuracy": 0.8404255319148937, "Precision": 0.9615384615384616, "Recall": 0.6410256410256411}, "3": {"TP": 27, "FP": 1, "FN": 12, "TN": 54, "Accuracy": 0.8617021276595744, "Precision": 0.9642857142857143, "Recall": 0.6923076923076923}, "4": {"TP": 29, "FP": 1, "FN": 10, "TN": 54, "Accuracy": 0.8829787234042553, "Precision": 0.9666666666666667, "Recall": 0.7435897435897436}, "5": {"TP": 30, "FP": 2, "FN": 9, "TN": 53, "Accuracy": 0.8829787234042553, "Precision": 0.9375, "Recall": 0.7692307692307693}, "6": {"TP": 31, "FP": 2, "FN": 8, "TN": 53, "Accuracy": 0.8936170212765957, "Precision": 0.9393939393939394, "Recall": 0.7948717948717948}, "7": {"TP": 33, "FP": 2, "FN": 6, "TN": 53, "Accuracy": 0.9148936170212766, "Precision": 0.9428571428571428, "Recall": 0.8461538461538461}, "8": {"TP": 33, "FP": 2, "FN": 6, "TN": 53, "Accuracy": 0.9148936170212766, "Precision": 0.9428571428571428, "Recall": 0.8461538461538461}, "9": {"TP": 33, "FP": 2, "FN": 6, "TN": 53, "Accuracy": 0.9148936170212766, "Precision": 0.9428571428571428, "Recall": 0.8461538461538461}, "10": {"TP": 33, "FP": 2, "FN": 6, "TN": 53, "Accuracy": 0.9148936170212766, "Precision": 0.9428571428571428, "Recall": 0.8461538461538461}}, "DependencyParsing": {"TP": 28, "FP": 1, "FN": 11, "TN": 54, "Accuracy": 0.8723404255319149, "Precision": 0.9655172413793104, "Recall": 0.717948717948718}}, "GPU": {"KeywordSearch": {"TP": 16, "FP": 1, "FN": 0, "TN": 77, "Accuracy": 0.9893617021276596, "Precision": 0.9411764705882353, "Recall": 1.0}, "WordDistance": {"0": {"TP": 2, "FP": 0, "FN": 14, "TN": 78, "Accuracy": 0.851063829787234, "Precision": 1.0, "Recall": 0.125}, "1": {"TP": 3, "FP": 0, "FN": 13, "TN": 78, "Accuracy": 0.8617021276595744, "Precision": 1.0, "Recall": 0.1875}, "2": {"TP": 4, "FP": 0, "FN": 12, "TN": 78, "Accuracy": 0.8723404255319149, "Precision": 1.0, "Recall": 0.25}, "3": {"TP": 4, "FP": 0, "FN": 12, "TN": 78, "Accuracy": 0.8723404255319149, "Precision": 1.0, "Recall": 0.25}, "4": {"TP": 4, "FP": 0, "FN": 12, "TN": 78, "Accuracy": 0.8723404255319149, "Precision": 1.0, "Recall": 0.25}, "5": {"TP": 5, "FP": 0, "FN": 11, "TN": 78, "Accuracy": 0.8829787234042553, "Precision": 1.0, "Recall": 0.3125}, "6": {"TP": 6, "FP": 0, "FN": 10, "TN": 78, "Accuracy": 0.8936170212765957, "Precision": 1.0, "Recall": 0.375}, "7": {"TP": 6, "FP": 0, "FN": 10, "TN": 78, "Accuracy": 0.8936170212765957, "Precision": 1.0, "Recall": 0.375}, "8": {"TP": 6, "FP": 0, "FN": 10, "TN": 78, "Accuracy": 0.8936170212765957, "Precision": 1.0, "Recall": 0.375}, "9": {"TP": 6, "FP": 0, "FN": 10, "TN": 78, "Accuracy": 0.8936170212765957, "Precision": 1.0, "Recall": 0.375}, "10": {"TP": 6, "FP": 0, "FN": 10, "TN": 78, "Accuracy": 0.8936170212765957, "Precision": 1.0, "Recall": 0.375}}, "DependencyParsing": {"TP": 8, "FP": 0, "FN": 8, "TN": 78, "Accuracy": 0.9148936170212766, "Precision": 1.0, "Recall": 0.5}}, "distributed": {"KeywordSearch": {"TP": 9, "FP": 9, "FN": 0, "TN": 76, "Accuracy": 0.9042553191489362, "Precision": 0.5, "Recall": 1.0}, "WordDistance": {"0": {"TP": 4, "FP": 0, "FN": 5, "TN": 85, "Accuracy": 0.9468085106382979, "Precision": 1.0, "Recall": 0.4444444444444444}, "1": {"TP": 5, "FP": 0, "FN": 4, "TN": 85, "Accuracy": 0.9574468085106383, "Precision": 1.0, "Recall": 0.5555555555555556}, "2": {"TP": 5, "FP": 0, "FN": 4, "TN": 85, "Accuracy": 0.9574468085106383, "Precision": 1.0, "Recall": 0.5555555555555556}, "3": {"TP": 5, "FP": 0, "FN": 4, "TN": 85, "Accuracy": 0.9574468085106383, "Precision": 1.0, "Recall": 0.5555555555555556}, "4": {"TP": 5, "FP": 1, "FN": 4, "TN": 84, "Accuracy": 0.9468085106382979, "Precision": 0.8333333333333334, "Recall": 0.5555555555555556}, "5": {"TP": 5, "FP": 2, "FN": 4, "TN": 83, "Accuracy": 0.9361702127659575, "Precision": 0.7142857142857143, "Recall": 0.5555555555555556}, "6": {"TP": 5, "FP": 2, "FN": 4, "TN": 83, "Accuracy": 0.9361702127659575, "Precision": 0.7142857142857143, "Recall": 0.5555555555555556}, "7": {"TP": 5, "FP": 3, "FN": 4, "TN": 82, "Accuracy": 0.925531914893617, "Precision": 0.625, "Recall": 0.5555555555555556}, "8": {"TP": 5, "FP": 3, "FN": 4, "TN": 82, "Accuracy": 0.925531914893617, "Precision": 0.625, "Recall": 0.5555555555555556}, "9": {"TP": 5, "FP": 3, "FN": 4, "TN": 82, "Accuracy": 0.925531914893617, "Precision": 0.625, "Recall": 0.5555555555555556}, "10": {"TP": 5, "FP": 3, "FN": 4, "TN": 82, "Accuracy": 0.925531914893617, "Precision": 0.625, "Recall": 0.5555555555555556}}, "DependencyParsing": {"TP": 5, "FP": 1, "FN": 4, "TN": 84, "Accuracy": 0.9468085106382979, "Precision": 0.8333333333333334, "Recall": 0.5555555555555556}}}
